{
  "main_settings": {
    "accounts_to_create": 333333,
    "max_threads": 5,
    "delay_seconds": 5,
    "total_timeout_minutes": 5,
    "profile_timeout_minutes": 5,
    "element_timeout_seconds": 30,
    "auto_save": true,
    "profile_type": "custom",
    "country": "VN",
    "language": "vi-VN",
    "browser_language": "US",
    "device": "TestDevice",
    "use_recovery_email": true,
    "proxy_enabled": true,
    "proxy_type": "http",
    "auto_schedule_enabled": true,
    "schedule_interval_minutes": 181,
    "auto_run_on_startup": false
  },
  "profile_config": {
    "os": "win",
    "win": "11",
    "osVersion": "11",
    "browser": "chrome",
    "canvas": "perfect",
    "webGLImage": "true",
    "audioContext": "true",
    "webGLMetadata": "true",
    "clientRectsEnable": "true",
    "noiseFont": "true",
    "name": "Auto Profile Python",
    "checkname": false,
    "folder_name": "",
    "version": "139"
  },
  "updated_at": "2025-09-11T07:05:34.170610"
}