{
  "main_settings": {
    "accounts_to_create": 333333,
    "max_threads": 6,
    "delay_seconds": 5,
    "total_timeout_minutes": 5,
    "profile_timeout_minutes": 5,
    "element_timeout_seconds": 30,
    "country": "VN",
    "language": "en-US",
    "device": "LaptopHoang",
    "auto_save": true,
    "use_recovery_email": true,
    "proxy_enabled": true,
    "proxy_type": "http",
    "profile_type": "custom"
  },
  "profile_config": {
    "os": "win",
    "win": [
      "7"
    ],
    "osVersion": "10",
    "browser": "chrome",
    "canvas": "perfect",
    "webGLImage": "true",
    "audioContext": "true",
    "webGLMetadata": "true",
    "clientRectsEnable": "true",
    "noiseFont": "false",
    "resolution": "1920x1080",
    "name": "Auto Profile Python",
    "checkname": false,
    "folder_name": "",
    "deviceMemory": 8,
    "version": "139"
  },
  "updated_at": "2025-09-03T14:33:01.935463"
}