{
  "main_settings": {
    "accounts_to_create": 111,
    "max_threads": 11,
    "delay_seconds": 5,
    "total_timeout_minutes": 5,
    "profile_timeout_minutes": 5,
    "element_timeout_seconds": 30,
    "auto_save": true,
    "profile_type": "custom",
    "country": "VN",
    "language": "en-US",
    "browser_language": "US",
    "device": "Hoang12",
    "use_recovery_email": true,
    "proxy_enabled": true,
    "proxy_type": "http"
  },
  "profile_config": {
    "os": "win",
    "win": [
      "7"
    ],
    "osVersion": "10",
    "browser": "chrome",
    "canvas": "perfect",
    "webGLImage": "true",
    "audioContext": "true",
    "webGLMetadata": "true",
    "clientRectsEnable": "true",
    "noiseFont": "true",
    "name": "Auto Profile Python",
    "checkname": false,
    "folder_name": "",
    "version": "139",
    "language": "en-US"
  },
  "updated_at": "2025-09-04T20:28:35.095693"
}